[Header],,,,,,,,,,
IEMFileVersion,,,,,,,,,,
Date,,,,,,,,,,
Workflow,,,,,,,,,,
Application,,,,,,,,,,
Instrument Type,,,,,,,,,,
Assay,,,,,,,,,,
Index Adapters,,,,,,,,,,
Description,,,,,,,,,,
Chemistry,,,,,,,,,,
,,,,,,,,,,
[Reads],,,,,,,,,,
,,,,,,,,,,
,,,,,,,,,,
,,,,,,,,,,
[Settings],,,,,,,,,,
ReverseComplement,0,,,,,,,,,
Adapter,AGATCGGAAGAGCACACGTCTGAACTCCAGTCA,,,,,,,,,
AdapterRead2,AGATCGGAAGAGCGTCGTGTAGGGAAAGAGTGT,,,,,,,,,
,,,,,,,,,,
[Data],,,,,,,,,,
Sample_ID,Sample_Name,Sample_Plate,Sample_Well,Index_Plate_Well,I7_Index_ID,index,I5_Index_ID,index2,Sample_Project,Description
i701_i501,,,,,i701,ATTACTCG,i501,TATAGCCT,,
i702_i502,,,,,i702,TCCGGAGA,i502,ATAGAGGC,,
i703_i503,,,,,i703,CGCTCATT,i503,CCTATCCT,,
i704_i504,,,,,i704,GAGATTCC,i504,GGCTCTGA,,
i705_i505,,,,,i705,ATTCAGAA,i505,AGGCGAAG,,
i706_i506,,,,,i706,GAATTCGT,i506,TAATCTTA,,
i707_i507,,,,,i707,CTGAAGCT,i507,CAGGACGT,,
i708_i508,,,,,i708,TAATGCGC,i508,GTACTGAC,,
i709_i501,,,,,i709,CGGCTATG,i501,TATAGCCT,,
i710_i502,,,,,i710,TCCGCGAA,i502,ATAGAGGC,,
i711_i503,,,,,i711,TCTCGCGC,i503,CCTATCCT,,
i712_i504,,,,,i712,AGCGATAG,i504,GGCTCTGA,,